Date,iv_call,skewness_call,kurtosis_call,iv_put,skewness_put,kurtosis_put,RSI,K,D,KDminus,macd,macd_signal,macd_hist,ma5,ma20,returns,returns_
2018-11-01,0.006411983601471359,-0.5673500942681873,0.35931326949827025,0.007796702486393259,-0.1970026710164138,0.9174034148225378,41.94791146182466,75.13433012872873,49.68650259290169,25.447827535827045,-270.889893142401,-274.3063078568917,3.4164147144907133,9635.696094000003,9947.66054690001,0.0,0.0
2018-11-02,0.005632898155988518,-1.5274652386091592,0.36093523332297844,0.007796702486393259,-0.1970026710164138,0.9174034148225378,45.00943655475641,98.23347970033224,74.82311650428893,23.410363196043306,-242.6615986283814,-267.97736601118964,25.315767382808247,9719.178125200002,9907.04453130001,0.006262850341494812,1.0
2018-11-05,0.00020800025924352786,-3.0,10.0,0.007796702486393259,-0.1970026710164138,0.9174034148225378,44.317688857774684,96.9171620071644,90.09499061207514,6.822171395089271,-219.11863648060717,-258.20562010507314,39.08698362446597,9793.8759766,9875.679003950008,-0.0016952858616300591,0.0
2018-11-06,0.007004585121336977,0.12810010082990847,1.8218517755868688,0.007796702486393259,-0.1970026710164138,0.9174034148225378,41.620486269033066,90.11878133964917,95.08980768238195,-4.97102634273277,-203.35018452459371,-247.23453298897726,43.88434846438355,9853.6439452,9844.13002930001,-0.006579802115133003,0.0
2018-11-07,0.028638487389779706,-0.7319181331858967,2.96028692339154,0.007502092069874719,-0.2854809355448955,1.1968900945272913,46.212436146885935,89.29865697844112,92.11153344175158,-2.8128764633104595,-182.02565854738168,-234.19275810065815,52.16709955327647,9874.887890399998,9816.20600585001,0.008452708000160096,1.0
2018-11-08,0.0071268500878975865,-0.18630843789569856,0.9307372732819947,0.007433661952835711,-0.31239558581658144,1.2857843079130589,48.18289284464564,80.66644004615601,86.69462612141545,-6.028186075259441,-160.29566941369558,-219.41334036326563,59.117670949570055,9895.0017576,9823.16596675001,0.0037232434951504473,0.0
2018-11-09,0.007796702486393259,-0.1970026710164138,0.9174034148225378,0.007117032237753933,-0.4773024039147724,1.825663073340284,42.84171002162902,62.685233676898456,77.55011023383189,-14.864876556933432,-150.64172303928535,-205.6590168984696,55.017293859184235,9879.685741999998,9812.37597655001,-0.011661112378691184,0.0
2018-11-12,0.023686537571613923,-0.7253614574437384,1.910066052437671,0.007796702486393259,-0.1970026710164138,0.9174034148225378,42.913570360266206,39.073450321494306,60.808374681516284,-21.734924360021978,-141.26563299621012,-192.7803401180177,51.51470712180759,9867.9658202,9808.880468750009,0.0001220875427014822,1.0
2018-11-13,0.0232335953908774,-1.1185297208385998,1.7966931620360242,0.007796702486393259,-0.1970026710164138,0.9174034148225378,40.359858707713585,29.053436914739923,43.604040304377584,-14.550603389637661,-136.72681813059535,-181.56963572053323,44.84281758993788,9858.14375,9798.617480500008,-0.005647995465115841,0.0
2018-11-14,0.019484993860057163,-1.8237689998301014,1.2301951092893417,0.007796702486393259,-0.1970026710164138,0.9174034148225378,41.46074618400695,36.973506842219585,35.033464692817965,1.94004214940162,-130.33307894949394,-171.32232436632538,40.98924541683144,9834.8498048,9789.254492250007,0.0016394391187559377,1.0
2018-11-15,0.025296470548291886,-0.23226216305732605,0.7043671925218313,0.007796702486393259,-0.1970026710164138,0.9174034148225378,43.89633843253422,51.0090317404412,39.011991832466926,11.997039907974276,-121.07993714151416,-161.27384692136314,40.19390977984898,9811.079883000002,9782.890966850007,0.00352528441115151,1.0
2018-11-16,0.007796702486393259,-0.1970026710164138,0.9174034148225378,0.001,2.999998057062588,10.0,42.26694295143807,60.86897243328667,49.61717033864918,11.25180209463749,-114.79341158664101,-151.9777598544187,37.18434826777769,9804.495898600002,9776.782470750008,-0.0029933563725201033,0.0
2018-11-19,0.007796702486393259,-0.1970026710164138,0.9174034148225378,0.026008817110775292,-0.306823369688827,0.8153622843096962,44.67729053448917,76.29116229046711,62.72305548806503,13.568106802402085,-106.03903955833084,-142.79001579520113,36.75097623687029,9803.991992400002,9769.502978600005,0.003220316631302614,1.0
2018-11-20,0.007586118474858312,0.5687439284522973,0.4325923508600357,0.001,-3.0,10.0,39.8166083771958,57.957097331993104,65.03907735191567,-7.081980019922561,-104.7284897634072,-135.17771058884233,30.449220825435134,9797.6220704,9767.942480550006,-0.008654994804936074,0.0
2018-11-21,0.007662828992630806,-0.19366046676594384,0.9270037417771525,0.007796702486393259,-0.1970026710164138,0.9174034148225378,39.67923632409195,51.34414486783305,61.86413483009779,-10.519989962264738,-102.70531179002319,-128.6832308290785,25.97791903905531,9787.55,9767.048437550005,-0.0002535938800718082,1.0
2018-11-22,0.007653623934193499,-0.19804388122491476,0.9145568163608638,0.007796702486393259,-0.1970026710164138,0.9174034148225378,38.12229918784732,33.74247749709276,47.68123989897301,-13.938762401880254,-102.08842509532042,-123.36426968232688,21.27584458700646,9765.2,9776.744433650005,-0.002755887206105677,0.0
2018-11-23,0.0090115868396783,-0.16234875435319585,0.9989768177173701,0.007796702486393259,-0.1970026710164138,0.9174034148225378,35.4396304170497,34.84336849645912,39.97666362046168,-5.133295124002558,-104.22371519952321,-119.53615878576615,15.312443586242935,9739.2419922,9785.650439500005,-0.004892191380571263,0.0
2018-11-26,0.01893698486111549,-0.010954844891943528,2.352682319167631,0.007796702486393259,-0.1970026710164138,0.9174034148225378,44.28597744293213,38.84630984256139,35.81071861203779,3.0355912305236004,-96.88643486293586,-115.00621400120009,18.119779138264235,9726.575976600001,9798.102441450003,0.010092429811828627,1.0
2018-11-27,0.011139785108843569,2.9999782201571814,9.999909215541074,0.005845655785931001,-0.5811797778881953,2.2916817985501505,45.389806335203026,48.990133008072156,40.89327044903092,8.096862559041234,-88.9759754554907,-109.80016629205821,20.82419083656751,9733.5019532,9810.727929700004,0.0013569157066591305,0.0
2018-11-28,0.03543115159786357,-1.4433752278292067,3.262240730079013,0.007796702486393259,-0.1970026710164138,0.9174034148225378,53.41519237110727,75.69021946815246,54.50888743959538,21.181332028557087,-73.33328336754312,-102.50678970715519,29.173506339612075,9762.059961,9814.836914050005,0.01075022619057602,1.0
2018-11-29,0.007796702486393259,-0.1970026710164138,0.9174034148225378,0.007796702486393259,-0.1970026710164138,0.9174034148225378,53.48932585070825,77.21675469676342,67.29903572432939,9.917718972434031,-60.158082929778175,-94.03704835167979,33.87896542190161,9796.1900392,9816.867919950006,0.00010630243247721649,0.0
2018-11-30,0.0073802517102754634,-0.32203461871049627,1.1775481925157196,0.007796702486393259,-0.1970026710164138,0.9174034148225378,53.693586904390045,76.09111615343244,76.33269677278281,-0.24158061935037267,-48.937085094721624,-85.01705570028815,36.07997060556653,9840.3361328,9815.939941400005,0.0002700519164224916,0.0
2018-12-03,0.00581696347722629,-1.7784728956215599,3.087222035618729,0.007796702486393259,-0.1970026710164138,0.9174034148225378,68.02742279451638,76.23220588967233,76.51335891328944,-0.28115302361710803,-19.657773479282696,-71.94519925608707,52.28742577680437,9914.838085799998,9828.342968750007,0.02495296616635323,1.0
2018-12-04,0.023557695739416868,0.8196651463666164,4.086665281752987,0.007796702486393259,-0.1970026710164138,0.9174034148225378,63.373729660322084,81.72825557202553,78.01719253837682,3.7110630336487134,-0.8281449773930945,-57.721788400348274,56.89364342295518,9975.8220702,9841.272460950006,-0.005373533132646135,0.0
2018-12-05,0.007796702486393259,-0.1970026710164138,0.9174034148225378,0.007796702486393259,-0.1970026710164138,0.9174034148225378,51.56036791796763,64.1535402286188,74.03800056343893,-9.884460334820133,0.6278831648560299,-46.05185408730741,46.67973725216344,9982.308202999999,9841.691992200005,-0.016680133483527513,0.0
2018-12-06,0.007796702486393259,-0.1970026710164138,0.9174034148225378,0.007796702486393259,-0.1970026710164138,0.9174034148225378,40.19148727175889,32.98391302742767,59.6219029426907,-26.637989915263034,-16.747267802498754,-40.19093683034568,23.443669027846923,9942.180078,9828.662500050004,-0.02367490428496012,0.0
2018-12-07,0.08301714187779181,-1.0718746609710605,2.4870847298944625,0.007796702486393259,-0.1970026710164138,0.9174034148225378,44.56822478195054,11.967128598676515,36.36819395157436,-24.401065352897845,-24.093971725042138,-36.97154380928497,12.877572084242829,9916.75,9825.206005900003,0.007833190742606187,1.0
2018-12-10,0.007796702486393259,-0.1970026710164138,0.9174034148225378,0.007796702486393259,-0.1970026710164138,0.9174034148225378,39.83559869449189,9.401794284929482,18.117611970344594,-8.715817685415113,-38.61671623728944,-37.30057829488586,-1.3161379424035786,9818.6839844,9816.022509800003,-0.01167958369290429,0.0
2018-12-11,0.02913856526229639,0.18347852951761714,4.4480060664012155,0.007796702486393259,-0.1970026710164138,0.9174034148225378,43.28465550588487,15.799532607813434,12.389485163806514,3.4100474440069206,-44.80841958748715,-38.80214655340612,-6.006273034081033,9743.3839844,9812.582519550002,0.006148434861537997,1.0
2018-12-12,0.013636625213130539,-0.9062184305964676,1.3223066927810325,0.007796702486393259,-0.1970026710164138,0.9174034148225378,49.13412524439998,37.499183281118015,20.90017005795368,16.599013223164334,-40.42095626826813,-39.12590849637852,-1.2950477718896067,9723.325976600001,9813.811035150004,0.01120817026631169,1.0
2018-12-13,0.007796702486393259,-0.1970026710164138,0.9174034148225378,0.007796702486393259,-0.1970026710164138,0.9174034148225378,51.25500244069994,67.63420476947687,40.31097355280281,27.32323121667406,-33.147724855565684,-37.93027176821595,4.782546912650268,9758.1339844,9815.426025400004,0.004300806578461092,0.0
2018-12-14,0.007796702486393259,-0.1970026710164138,0.9174034148225378,0.020224985745848977,-0.8025037390280078,1.7258308921832282,46.98194891145575,79.91495004226874,61.68277936428791,18.232170677980832,-33.82025916349812,-37.10826924727239,3.2880100837742674,9760.790039,9814.279541000004,-0.008618191686137686,0.0
2018-12-17,0.007796702486393259,-0.1970026710164138,0.9174034148225378,0.0076703327830900244,-0.1959584855858198,0.920410194802497,47.73319706631695,71.54189302455114,73.03034927876563,-1.4884562542144835,-32.89519540859146,-36.2656544795362,3.37045907094474,9788.788085799999,9812.221533150005,0.001366969703409239,1.0
2018-12-18,0.007796702486393259,-0.1970026710164138,0.9174034148225378,0.001,3.0,10.0,44.22038266621966,43.458069725471084,64.97163759743036,-21.513567871959275,-37.27669274695836,-36.46786213302063,-0.8088306139377295,9791.1441406,9810.963037100006,-0.007044910207486264,0.0
2018-12-19,0.007796702486393259,-0.1970026710164138,0.9174034148225378,0.007041905935428728,-0.4579450862096177,1.7958750673670691,48.12332161470664,39.42325914283574,51.474407297619365,-12.051148154783625,-35.148188054829006,-36.20392731738231,1.0557392625533026,9784.4960938,9813.047558600005,0.006603402935045693,1.0
2018-12-20,0.04912775058852899,1.6830245970666453,7.205479824523556,0.007796702486393259,-0.1970026710164138,0.9174034148225378,42.630444253371365,22.64745751544841,35.176262127918456,-12.528804612470047,-41.75046867433048,-37.313235588771946,-4.437233085558532,9747.648046799999,9811.038037100003,-0.011172070262367136,0.0
2018-12-21,0.023621107369764503,-0.753513834918704,1.8847914858325205,0.007796702486393259,-0.1970026710164138,0.9174034148225378,42.77142892485196,31.795838269612062,31.288851642632114,0.5069866269799483,-46.27586567622711,-39.10576160626298,-7.1701040699641325,9728.15,9811.506542950005,0.0002222489748316093,1.0
2018-12-24,0.016716515110593248,-0.6672513307535068,0.9917225902355313,0.007796702486393259,-0.1970026710164138,0.9174034148225378,40.88694497735011,24.936807150358778,26.460034311806464,-1.5232271614476858,-52.243196356615954,-41.73324855633358,-10.509947800282376,9698.5839844,9805.223535100005,-0.0038278177438803517,0.0
2018-12-25,0.013817556191994427,1.2877985087226445,9.881014577143294,0.007796702486393259,-0.1970026710164138,0.9174034148225378,35.66532251564956,27.029373100080026,27.920672840017,-0.8912997399369758,-65.3062532787826,-46.44784950082338,-18.858403777959225,9660.2378906,9792.647021450004,-0.01175070489413008,0.0
2018-12-26,0.0068878266698788855,-0.43028420991996236,0.5062273604862978,0.007796702486393259,-0.1970026710164138,0.9174034148225378,33.66216694388945,15.130945968745548,22.365708739728163,-7.2347627709826146,-78.63361715479732,-52.88500303161817,-25.748614123179152,9599.3939452,9772.381054650004,-0.005061507948052995,1.0
2018-12-27,0.007796702486393259,-0.1970026710164138,0.9174034148225378,0.007117032237753933,-0.4773024039147724,1.825663073340284,45.04306786569426,32.59641621406125,24.91891176096232,7.67750445309893,-75.21068037213263,-57.35013849972106,-17.860541872411567,9592.801952999998,9760.191015550005,0.017005081464713447,1.0
2018-12-28,0.029563898767925905,-0.3391781168727039,2.9919295987118075,0.006519099838694158,0.039125481447748536,1.3504407217179448,49.986160512202794,60.66587621134699,36.13107946471798,24.534796746629013,-64.82331072905254,-58.84477294558736,-5.978537783465178,9602.9499998,9752.160009700005,0.00886481309301773,0.0
2019-01-02,0.013779540436900608,2.3097950586288825,7.1214848839567475,0.007796702486393259,-0.1970026710164138,0.9174034148225378,41.72338823206772,70.15115556777714,54.47114933106184,15.6800062367153,-69.76847975821693,-61.02951430811327,-8.738965450103656,9585.837890399998,9722.973486250004,-0.01797315818465746,0.0
2019-01-03,0.02827958805567418,-2.0521905239803337,1.525193929518829,0.007117032237753933,-0.4773024039147724,1.825663073340284,39.20509435553051,45.93640520422381,58.917812327782684,-12.981407123558874,-77.77132845333836,-64.3778771371583,-13.393451316180062,9578.903905999998,9693.417480400005,-0.006480954400851636,1.0
2019-01-04,0.025047551476851247,-0.24433654207495387,0.6680702468018347,0.006286299605301865,-0.8199010912229643,2.9357910193273082,35.090569816176306,17.64048275414095,44.576014508714,-26.935531754573052,-91.92284539164211,-69.88687078805506,-22.03597460358705,9559.6078124,9666.705957000006,-0.011646284264675889,0.0
2019-01-07,0.036164374831727776,-0.8615826340856981,3.271186897918957,0.007796702486393259,-0.1970026710164138,0.9174034148225378,46.64017221957024,29.039869316805593,30.872252425056825,-1.832383108251232,-85.38681885166079,-72.98686040077621,-12.399958450884583,9549.3558594,9661.984960900005,0.021904857758574595,1.0
2019-01-08,0.01680698344592703,-0.05804792962837876,2.0849262883689716,0.007796702486393259,-0.1970026710164138,0.9174034148225378,45.50516603939346,46.09378345649296,30.924711842479876,15.169071614013081,-81.42286134197093,-74.67406058901516,-6.748800752955773,9516.59375,9652.120947200006,-0.0027879663265842603,0.0
2019-01-09,0.007997122805567213,0.630151161617643,9.342765544884045,0.007117032237753933,-0.4773024039147724,1.825663073340284,53.57052390796282,74.12689038365762,49.7535143856521,24.37337599800552,-63.45232382478389,-72.42971323616891,8.977389411385019,9553.4277344,9656.659423750007,0.018103362818022058,1.0
2019-01-10,0.00841397959424509,-0.18582638700211648,0.9444262967708015,0.007796702486393259,-0.1970026710164138,0.9174034148225378,52.71223142215988,84.21510404472203,68.14525929495758,16.069844749764442,-50.05525490020955,-67.95482156897704,17.89956666876749,9599.081836000001,9657.341943300005,-0.0018108993077704093,0.0
2019-01-11,0.007796702486393259,-0.1970026710164138,0.9174034148225378,0.007796702486393259,-0.1970026710164138,0.9174034148225378,54.46095018412669,94.36429126100961,84.2354285631298,10.12886269787981,-35.90057147611151,-61.54397155040393,25.643400074292423,9674.459961,9654.489453100005,0.003974315346705716,1.0
2019-01-14,0.031218001709947714,-0.9518867771464462,1.5492054166528821,0.007796702486393259,-0.1970026710164138,0.9174034148225378,51.703167490738046,82.76151846724342,87.11363792432508,-4.352119457081656,-28.484384480294466,-54.932054136382035,26.44766965608757,9698.0439454,9646.962451150004,-0.005258041980039513,0.0
2019-01-15,0.007796702486393259,-0.1970026710164138,0.9174034148225378,0.03348251114034091,2.7967570730399287,9.908946043328989,56.31543541731936,84.41486703247098,87.18022558690807,-2.7653585544370856,-14.546043461004956,-46.85485200130662,32.30880854030166,9746.532031400002,9648.556445300002,0.010025605123713156,1.0
2019-01-16,0.010674318685649003,-0.3323531982987299,1.1302754366922967,0.04536368122096405,2.9894391448863082,9.971563456152845,53.891604001078996,77.18392988367371,81.45343846112944,-4.269508577455724,-6.828736275396295,-38.84962885612455,32.02089258072826,9751.6320314,9647.370410150002,-0.004315877269908957,0.0
2019-01-17,0.02428997010802375,-0.8533175848765479,1.9564048805025833,0.007796702486393259,-0.1970026710164138,0.9174034148225378,55.15509289864045,80.73642611514087,80.77840767709525,-0.04198156195437264,1.3168973688898404,-30.816323611121675,32.133220980011515,9765.324023600002,9650.886914050003,0.0025920203629917478,1.0
2019-01-18,0.021936984326468633,-0.3094759400116368,1.9844548930632886,0.007796702486393259,-0.1970026710164138,0.9174034148225378,57.50656056740313,79.37731243139635,79.09922281007037,0.27808962132597514,11.425839462061049,-22.36789099648513,33.79373045854618,9780.6558594,9653.529394500003,0.004780511233146853,1.0
2019-01-21,0.006983585415997706,-0.6385757430984926,3.134085327347056,0.00650532901397854,-0.7295721635232952,2.6430967660062556,60.101756121501445,85.65829358780827,81.92401071144856,3.734282876359714,23.47085001981941,-13.200142793224222,36.67099281304363,9816.8919922,9664.273437500004,0.005408335331501059,1.0
2019-01-22,0.007147497786081147,0.12269737480645412,1.8256620984810714,0.007796702486393259,-0.1970026710164138,0.9174034148225378,60.36216353948626,88.71880004513072,84.58480202144517,4.13399802368555,33.05993242239674,-3.948127750100028,37.00806017249677,9834.6160156,9675.172949200003,0.0005317174511700462,0.0
2019-01-23,0.0065566831717110245,1.2659064340752684,5.469247392339289,0.007796702486393259,-0.1970026710164138,0.9174034148225378,56.66057636606725,74.79819991223633,83.05843118172517,-8.260231269488841,36.34621308057103,4.110740416034185,32.23547266453685,9851.134179800001,9685.507959000002,-0.004889287586456987,0.0
2019-01-24,0.007796702486393259,-0.1970026710164138,0.9174034148225378,0.007796702486393259,-0.1970026710164138,0.9174034148225378,58.430750785619445,69.87469435518794,77.79723143751839,-7.92253708233045,40.95730896853456,11.480054126534261,29.4772548420003,9868.728125,9703.009472650003,0.003115037280303497,1.0
2019-01-25,0.04804598982368891,1.1837926715831115,7.334578915879804,0.007117032237753933,-0.4773024039147724,1.825663073340284,63.34775535540871,72.83203950798506,72.50164459180317,0.33039491618188777,51.4813793768426,19.480319176595927,32.00106020024667,9895.438281400002,9727.540478550003,0.009320518028052257,1.0
2019-01-28,0.01857551644855854,2.8588448942942004,7.534605209991741,0.00650532901397854,-0.7295721635232952,2.6430967660062556,65.45485722567555,86.85341331559994,76.52004905959105,10.333364256008892,62.62766476937213,28.10978829515117,34.51787647422096,9920.2242188,9746.129003950002,0.004375711964019261,0.0
2019-01-29,0.006487590559666593,-0.17651526425090533,0.9454490161905984,0.007796702486393259,-0.1970026710164138,0.9174034148225378,58.58541503855639,81.0390227397546,80.24149185444661,0.7975308853079923,64.12621540147484,35.3130737164159,28.813141685058937,9927.610156400002,9756.337988350002,-0.008196642750331192,0.0
2019-01-30,0.010023907108589344,2.3206841626479924,8.070381224305434,0.007796702486393259,-0.1970026710164138,0.9174034148225378,58.62423923800888,66.3405340082575,78.07765668787074,-11.737122679613236,64.62295152176557,41.17504927748583,23.44790224427974,9944.782031400002,9775.243994250002,6.745137658672487e-05,1.0
2019-02-11,0.022877725476745797,-0.6401792232332442,1.7626486919901763,0.007117032237753933,-0.4773024039147724,1.825663073340284,62.72109139001276,55.694450964694035,67.69133590423544,-11.99688493954141,70.01849904026312,46.94373923004129,23.074759810221835,9970.208008000001,9800.835498150002,0.007221980952965788,1.0
2019-02-12,0.007796702486393259,-0.1970026710164138,0.9174034148225378,0.007796702486393259,-0.1970026710164138,0.9174034148225378,67.3071379874973,70.69942553253331,64.24480350182834,6.454622030704968,80.90575865116443,53.736143114265914,27.16961553689852,9995.8339844,9836.597021550002,0.009301656898816468,1.0
2019-02-13,0.0044312771745868085,0.37373742145900596,3.2653437604902087,0.007796702486393259,-0.1970026710164138,0.9174034148225378,66.62237514815618,80.89204722406573,69.09530790709776,11.796739316967972,87.94247942151378,60.57741037571549,27.365069045798293,10011.283984400001,9861.611035200001,-0.0007093365064123887,0.0
2019-02-14,0.0077675529714741455,-0.240200818244865,1.2703727058093157,0.007796702486393259,-0.1970026710164138,0.9174034148225378,66.46060611732074,85.30263444281549,78.96470239980492,6.337932043010568,92.3281191883525,66.92755213824289,25.400567050109615,10042.7679688,9887.881543050002,-0.00015563368882228143,1.0
2019-02-15,0.02115389396672274,-0.4190934542237955,2.280937095364999,0.007796702486393259,-0.1970026710164138,0.9174034148225378,63.85091368425401,69.01100468948952,78.40189545212365,-9.390890762634129,92.7791523938431,72.09787218936293,20.681280204480174,10069.272070199999,9904.205078200002,-0.002404461357049599,0.0
2019-02-18,0.007796702486393259,-0.1970026710164138,0.9174034148225378,0.03167906438064374,-0.5153038170465711,1.4933096474314345,68.35466898266654,70.70344243786008,75.00569385672178,-4.302251418861701,98.49686613154881,77.37767097780011,21.119195153748706,10097.478124799998,9925.434570350004,0.007966371555175667,1.0
2019-02-19,0.007796702486393259,-0.1970026710164138,0.9174034148225378,0.007796702486393259,-0.1970026710164138,0.9174034148225378,68.7232354655923,72.20422634236671,70.63955782323886,1.5646685191278493,102.41085364534592,82.38430751130927,20.02654613403665,10108.382031199999,9945.077539100002,0.0006877181433486177,0.0
2019-02-20,0.006334329013978539,-0.7217513636792567,0.3352473930471302,0.019100797700660116,-0.7497387148175407,1.211375885305668,74.33837132982491,88.89827830397711,77.26864902806805,11.629629275909053,113.89891236817493,88.6872284826824,25.211683885492533,10144.7580078,9973.289550800004,0.011770206327647548,1.0
2019-02-21,0.007796702486393259,-0.1970026710164138,0.9174034148225378,0.007796702486393259,-0.1970026710164138,0.9174034148225378,76.16630444835758,94.00694807066886,85.03648423900431,8.970463831664546,125.3564315570784,96.0210690975616,29.3353624595168,10190.8621092,9998.964062500007,0.004571718755523465,0.0
2019-02-22,0.009163246061303624,2.78302803104184,8.649278735299637,0.007796702486393259,-0.1970026710164138,0.9174034148225378,76.29893396243659,100.0,94.30174212488207,5.698257875117932,133.17495640813286,103.45184655967584,29.723109848457014,10242.490039,10026.919580100006,0.000328415376900053,0.0
2019-02-25,0.005710896112580685,0.6693850528290344,3.37878708940563,0.004692251866564264,-0.3370073837740359,2.557250266270576,78.87232408606405,100.0,98.00231602355636,1.9976839764436392,143.2081984491797,111.40311693757661,31.805081511603078,10291.619922000002,10057.008544950006,0.006566622010398787,1.0
2019-02-26,0.0003614769928419444,2.9999996924086068,9.9999997024243,0.007796702486393259,-0.1970026710164138,0.9174034148225378,78.89511761682057,96.4023236196253,98.80077453987518,-2.3984509202498714,149.48646637935417,119.01978682593213,30.46667955342204,10339.477929800001,10084.783056700004,5.967690240176343e-05,0.0
2019-02-27,0.0026473501816910603,2.401196804437837,8.401098014871833,0.007796702486393259,-0.1970026710164138,0.9174034148225378,78.54036685829728,90.63679711237194,95.67970691066581,-5.042909798293877,152.51193957388568,125.71821737552284,26.793722198362843,10362.819922,10109.771533250005,-0.00022904721700413853,0.0
2019-03-04,0.01301338834674954,2.256174954968223,8.744765928591507,0.007796702486393259,-0.1970026710164138,0.9174034148225378,72.65649680125783,75.43304761400798,87.49072278200181,-12.057675167993835,150.01004862858827,130.5765836261359,19.43346500245235,10368.889844000001,10132.532519600003,-0.0037889957712623885,0.0
2019-03-05,0.006305846968894304,-0.22521248404251232,1.7548059980676765,0.007796702486393259,-0.1970026710164138,0.9174034148225378,66.48577862220594,48.39198141035224,71.4872753789108,-23.095293968558558,142.78092190359894,133.01745128162852,9.763470621970413,10365.357812800003,10155.475488350003,-0.004320492348853565,0.0
2019-03-06,0.005176112482529443,0.9024464631897621,4.040908183292558,0.00650532901397854,-0.7295721635232952,2.6430967660062556,69.74561868109201,37.75842452240062,53.861151182253685,-16.10272665985307,139.62936624266877,134.33983427383657,5.289531968832193,10358.601953400002,10179.477002050004,0.0050227184240141205,1.0
2019-03-07,0.007027032237753933,0.1226975960852276,1.825663073340284,0.007796702486393259,-0.1970026710164138,0.9174034148225378,63.81223488392504,24.659151475873106,36.93651913620873,-12.277367660335624,131.9416883061258,133.8602050802944,-1.9185167741686087,10342.627930000002,10196.580468850003,-0.004399937121112569,0.0
2019-03-08,0.02556890529307412,-0.3436116590196347,2.66404138406292,0.007796702486393259,-0.1970026710164138,0.9174034148225378,55.84209897593456,28.27870246468548,30.23209282098648,-1.953390356301,118.83653317856442,130.8554706999484,-12.018937521383975,10313.143945600003,10208.001464950004,-0.006804699643447831,0.0
2019-03-11,0.007445119184130081,-0.030090027157194426,1.3723646727405687,0.007796702486393259,-0.1970026710164138,0.9174034148225378,56.564038979795285,20.72145871296199,24.55310421784027,-3.8316455048782814,107.89517662929575,126.26341188581787,-18.368235256522127,10293.224023600002,10223.935986400003,0.0008325454705145382,1.0
2019-03-12,0.005861264870765184,0.7734495480219165,3.6744312404293678,0.007117032237753933,-0.4773024039147724,1.825663073340284,63.63825749503253,41.75676068995072,30.25230728919948,11.504453400751238,105.51609053936409,122.11394761652711,-16.597857077163027,10300.838086,10244.489502000004,0.009036826146544887,1.0
2019-03-13,0.01256577198747269,2.701551810491102,9.799952467939766,0.00650532901397854,-0.7295721635232952,2.6430967660062556,65.60769962244423,67.12721672900409,43.201812043972346,23.925404685031744,104.84205504965212,118.65956910315211,-13.817514053499991,10304.072070400001,10262.943017650005,0.0028952804033247066,0.0
2019-03-14,0.022392463177426502,2.980115033877796,6.910392743226721,0.007796702486393259,-0.1970026710164138,0.9174034148225378,62.566687393432595,81.46089307777832,63.44829016557779,18.012602912200535,101.1512123263783,115.15789774779735,-14.00668542141905,10311.466211,10275.488525500004,-0.002381041263653084,0.0
2019-03-15,0.007796702486393259,-0.1970026710164138,0.9174034148225378,0.007796702486393259,-0.1970026710164138,0.9174034148225378,68.42880660742252,88.72861364568105,79.10557448415456,9.623039161526492,104.33334624601957,112.99298744744179,-8.659641201422218,10350.9642578,10292.921533300005,0.00871569108110748,1.0
2019-03-18,0.007796702486393259,-0.1970026710164138,0.9174034148225378,0.029610185504123893,-2.4795213788614805,1.0803042328184695,72.27030942371935,90.37734920184575,86.85561864176844,3.5217305600773017,111.49754097797813,112.69389815354906,-1.196357175570924,10403.4482422,10314.106054750006,0.007012263352134345,0.0
2019-03-19,0.007796702486393259,-0.1970026710164138,0.9174034148225378,0.03550109238638999,1.9835976946433533,-0.06751025516756644,72.22073488933087,97.72220952847034,92.27605745866578,5.446152069804569,115.80958283375185,113.31703508958961,2.4925477441622377,10437.2462892,10336.483056750005,-3.613618354343003e-05,0.0
2019-03-20,0.007796702486393259,-0.1970026710164138,0.9174034148225378,0.008089074471711895,-0.8000284483243707,0.3565305336640465,74.21390739702066,96.91638891395633,95.00531588142421,1.9110730325321157,120.99839301894463,114.85330667546062,6.14508634348401,10472.8941406,10356.797021600005,0.003725743083276575,1.0
2019-03-21,0.006063564000984669,-1.6723343107221813,2.128294269597971,0.007796702486393259,-0.1970026710164138,0.9174034148225378,76.88749163011995,96.53262494652559,97.05707446298415,-0.5244495164585601,128.31080273077532,117.54480588652356,10.76599684425176,10525.0740234,10379.661523550003,0.005480844991585733,1.0
2019-03-22,0.0029343489755013497,2.286257708376657,1.283829218420592,0.007796702486393259,-0.1970026710164138,0.9174034148225378,78.1458374790169,94.47946859326782,95.97616081791665,-1.4966922246488252,134.93257960778283,121.02236063077541,13.910218977007418,10565.040039200001,10397.992041150002,0.0027785829695176284,0.0
2019-03-25,0.00904897953481745,-0.4014628064166398,1.6413755564969572,0.007796702486393259,-0.1970026710164138,0.9174034148225378,59.1526740302442,65.249492143458,85.42052856108387,-20.17103641762587,125.85207445321248,121.98830339526282,3.8637710579496627,10558.396094000002,10405.989550950002,-0.015113999402812828,0.0
2019-03-26,0.004642534924483554,-0.28502090431241517,3.0378014119014005,0.007796702486393259,-0.1970026710164138,0.9174034148225378,63.93001778391215,48.30278647767623,69.34391573813409,-21.041129260457858,123.66291523008113,122.32322576222649,1.3396894678546403,10567.7720704,10417.803564600003,0.0075784322045318285,1.0
2019-03-27,0.035310213743160644,2.692104510340295,9.752921648269615,0.007117032237753933,-0.4773024039147724,1.825663073340284,62.28521240155025,32.67357697648283,48.741951865872416,-16.068374889389588,119.2222586851185,121.70303234680489,-2.480773661686385,10566.0001954,10425.392089950004,-0.0015638405127260861,0.0
2019-03-28,0.006321646713972315,0.4101943388881749,2.6396628361788617,0.007796702486393259,-0.1970026710164138,0.9174034148225378,61.61024616206504,41.72277465803674,40.89971270406533,0.8230619539714112,113.87068718482078,120.13656331440806,-6.265876129587284,10551.342187600001,10432.627588000005,-0.0006110765628217577,1.0
2019-03-29,0.023043218730866337,2.677406845861945,9.11779435969342,0.007796702486393259,-0.1970026710164138,0.9174034148225378,67.80278451278501,59.053244291249236,44.483198641922996,14.57004564932624,116.7387291582636,119.45699648317917,-2.7182673249155727,10551.7361328,10445.221093850003,0.009895607938419307,1.0
2019-04-01,0.007027032237753933,0.1226975960852276,1.825663073340284,0.007796702486393259,-0.1970026710164138,0.9174034148225378,67.88852327375058,65.94467517047504,55.57356470658707,10.371110463887966,117.78223986499688,119.12204515954271,-1.339805294545826,10584.3660156,10459.858593850004,0.00014939566426127473,0.0
2019-04-02,0.00019672910979782289,2.0138163066816683,4.436073076116545,0.007117032237753933,-0.4773024039147724,1.825663073340284,70.46144527703201,80.60186352428566,68.53326099533672,12.068602528948944,121.06028630628498,119.50969338889117,1.5505929173938142,10610.5859376,10479.110595800003,0.004469147186145795,1.0
2019-04-03,0.0002584255931303446,2.9999997674777754,9.99999987965911,0.007796702486393259,-0.1970026710164138,0.9174034148225378,71.20486594005004,75.4863919464751,74.010976880412,1.4754150660630927,123.37214901320476,120.28218451375389,3.089964499450872,10642.921875200002,10496.472070400003,0.0013162225598206997,0.0
2019-04-08,0.00579021395764749,0.8148866940064471,3.792152804178219,0.007796702486393259,-0.1970026710164138,0.9174034148225378,75.75287219916207,87.78862276391949,81.29229274489349,6.496330019026004,131.45079769796394,122.5159071505959,8.934890547368042,10695.783984600002,10520.916601650002,0.00894594692219063,1.0
2019-04-09,0.005149806501322617,0.902446547546131,4.040908380465067,0.00650532901397854,-0.7295721635232952,2.6430967660062556,77.7836008237104,94.1180337928788,85.79768283442455,8.320350958454256,140.35292158832453,126.08331003814162,14.269611550182915,10737.895898600002,10551.409082100003,0.004713559025538765,0.0
2019-04-10,0.005802193903833804,0.6693847900422696,3.3787863893094108,0.007796702486393259,-0.1970026710164138,0.9174034148225378,78.42259416463183,97.91963986264875,93.27543213981578,4.644207722832974,147.0474898945813,130.27614600942957,16.771343885151737,10782.997851600001,10582.302050850001,0.001523042427126644,0.0
2019-04-11,0.010064436054479936,-0.033063618594215895,1.3359603644144318,0.007796702486393259,-0.1970026710164138,0.9174034148225378,70.4841718346713,85.42141373833188,92.4863624646199,-7.064948726288023,145.88068946336352,133.39705470021636,12.483634763147165,10806.6917968,10605.574023500001,-0.005477742695048282,0.0
2019-04-12,0.007796702486393259,-0.1970026710164138,0.9174034148225378,0.001,3.0,10.0,70.0322049325195,63.97331380572933,82.43812246890342,-18.464808663174082,143.02728432251206,135.3231006246755,7.704183697836555,10826.8757812,10627.1729981,-0.00032106180246448644,1.0
2019-04-15,0.007796702486393259,-0.1970026710164138,0.9174034148225378,0.007796702486393259,-0.1970026710164138,0.9174034148225378,73.75229805505141,59.03366444568019,69.47613066324722,-10.44246621756703,144.76973150477897,137.2124268006962,7.557304704082782,10841.881640399999,10653.520459000001,0.006484975464201198,1.0
2019-04-16,0.007796702486393259,-0.1970026710164138,0.9174034148225378,0.042494570023314575,-2.9861941848816667,0.7935919130715007,76.1525745012707,72.29838519930767,65.10178781690583,7.196597382401848,148.65319033413653,139.50057950738426,9.152610826752266,10857.131640399999,10677.95092775,0.004792828831623174,0.0
2019-04-17,0.04094087400567968,-2.1437847676911805,2.660071424874837,0.019030852692949907,-1.5485700916018006,1.1807725030798601,78.94312104821934,90.95662799057693,74.0962258785217,16.86040211205524,155.53872541315832,142.70820868853906,12.830516724619258,10882.955664,10702.1789063,0.006331588836776267,1.0
2019-04-18,0.05249419331189664,2.8948154027346624,9.449281038523946,0.007796702486393259,-0.1970026710164138,0.9174034148225378,74.1381181030721,84.14908627158951,82.4680331538248,1.681053117764705,156.3496674789094,145.43650044661314,10.913167032296258,10913.605663999999,10724.6638672,-0.003209601260201702,0.0
2019-04-19,0.01139027589958628,0.21882291504571094,1.9419070892003942,0.007796702486393259,-0.1970026710164138,0.9174034148225378,74.45009672022866,68.17260398847013,81.09277275021229,-12.920168761742161,155.72021884690366,147.49324412667124,8.22697472023242,10946.245702999999,10745.510888699999,0.0005910000608481641,1.0
2019-04-22,0.0052798641502268375,-2.3690063652451534,2.2791600684754902,0.007796702486393259,-0.1970026710164138,0.9174034148225378,75.40937131592936,56.03889746432609,69.45352924146201,-13.414631777135916,154.98489023952607,148.9915733492422,5.9933168902838645,10968.6677734,10764.418896500001,0.001749843523612562,1.0
2019-04-23,0.008216928081466289,2.2878001475043512,8.680405664243803,0.007117032237753933,-0.4773024039147724,1.825663073340284,77.25105286310678,57.56311631061263,60.591539254469716,-3.0284229438570875,155.67149259853795,150.32755719910136,5.343935399436589,10988.233789200001,10783.749365250002,0.003449697230642574,1.0
2019-04-24,0.006868075008012075,2.9352989069011626,9.816184527531446,0.007796702486393259,-0.1970026710164138,0.9174034148225378,77.34659099942299,62.43502054486736,58.67901143993546,3.7560091049319055,154.59174490148325,151.18039473957774,3.411350161905517,10994.309765599999,10811.157324200001,0.00017774739260767496,0.0
2019-04-25,0.03408206901630746,2.999950462159268,9.578250672944252,0.007796702486393259,-0.1970026710164138,0.9174034148225378,77.97574120533439,68.8602140004399,62.95278361864006,5.907430381799834,152.95893041630916,151.53610187492401,1.4228285413851438,11009.8779298,10835.19033205,0.0011075749631162181,1.0
2019-04-26,0.015375760661613867,-0.43720971057038077,1.676812753360202,0.007117032237753933,-0.4773024039147724,1.825663073340284,64.09002200049213,56.39598263628296,62.56373906053017,-6.167756424247209,142.9652061852903,149.82192273699727,-6.856716551706967,11006.671875200002,10855.678808649998,-0.00794741481796557,0.0
2019-04-29,0.03522510677888366,2.4266156201330364,8.53478341948509,0.007117032237753933,-0.4773024039147724,1.825663073340284,62.23478399869465,40.88749367674799,55.38123010449038,-14.493736427742391,132.43637603067145,146.3448133957321,-13.90843736506065,10996.941797000001,10875.81879885,-0.0012251458996248368,1.0
2019-04-30,0.005382434761601617,-0.6110289567111109,3.315094201303821,0.007796702486393259,-0.1970026710164138,0.9174034148225378,64.62327106636518,28.562464762622387,41.94864702521787,-13.386182262595486,124.96518336787085,142.06888739015986,-17.10370402228901,10985.351953200001,10892.15332035,0.002617536874991249,1.0
2019-05-02,0.002117878359588482,2.4008125576682744,8.701760205446101,0.01779772592045474,-3.0,9.724147756474796,67.49838974225966,42.567666664694315,37.33920836802165,5.228458296672663,120.61998309510273,137.77910653114844,-17.159123436045718,10980.722070400001,10910.2463379,0.00334602494607916,1.0
2019-05-03,0.02028974130071184,2.9999618515771553,9.999838739057063,0.007796702486393259,-0.1970026710164138,0.9174034148225378,73.39058601090001,69.05867600833577,46.72960247855091,22.329073529784857,123.16487762675024,134.8562607502688,-11.691383123518563,10992.009961,10930.546337900001,0.008308309246561407,1.0
2019-05-06,0.016445688726266467,0.6165164142640236,3.379472366532429,0.007796702486393259,-0.1970026710164138,0.9174034148225378,51.355848329170705,60.47927608929001,57.368539587440125,3.1107365018498854,107.86617455465966,129.45824351114697,-21.59206895648731,10980.940039,10940.183349600002,-0.0181131569675342,0.0
2019-05-07,0.007055518624565082,0.12269755226647414,1.825662837818705,0.007796702486393259,-0.1970026710164138,0.9174034148225378,57.62812831927536,54.314428145771444,61.28412674779917,-6.9696986020277265,101.83181223259817,123.93295725543722,-22.10114502283905,10990.5560546,10949.511816350003,0.008226921055861511,1.0
2019-05-08,0.0073261939710386635,0.12269707850529807,1.8256606312341963,0.007796702486393259,-0.1970026710164138,0.9174034148225378,52.43139316938324,29.31548106450342,48.03639509985505,-18.72091403535163,90.88364094058306,117.32309399246638,-26.43945305188332,10981.751952999999,10953.117333950004,-0.005789813295450629,0.0
2019-05-09,0.03486645545802739,-0.8278753435868662,3.2580908040751266,0.007796702486393259,-0.1970026710164138,0.9174034148225378,40.4957331728762,25.449061863194668,36.35965702448994,-10.910595161295273,66.11041370107705,107.08055793418852,-40.97014423311147,10927.5878906,10946.393847650002,-0.017550130053391746,0.0
2019-05-10,0.008593687218785298,-0.19515734148170594,0.9608328586217609,0.007796702486393259,-0.1970026710164138,0.9174034148225378,39.43018930160887,12.602275807936563,22.455606245211644,-9.853330437275082,44.298133331651115,94.52407301368103,-50.22593968202992,10850.925976399998,10941.604882800002,-0.0019284769058302955,1.0
2019-05-13,0.007796702486393259,-0.1970026710164138,0.9174034148225378,0.001,1.3069837436253375,6.331798111188231,32.45998082322215,5.0651330175650955,14.372156896232205,-9.30702387866711,14.36316155125678,78.49189072119619,-64.1287291699394,10783.1599608,10929.254394500003,-0.014545708635938959,0.0
2019-05-14,0.007796702486393259,-0.1970026710164138,0.9174034148225378,0.004877265342615653,-1.5408817162583313,3.314329425363579,30.95359591083454,13.92132509600241,10.529577973834785,3.391747122167626,-12.368151775848673,60.31988222178721,-72.68803399763588,10689.5820312,10911.436914050004,-0.003704425048893377,1.0
2019-05-15,0.007796702486393259,-0.1970026710164138,0.9174034148225378,0.007796702486393259,-0.1970026710164138,0.9174034148225378,34.47643205518741,21.632534960375466,13.539664357981087,8.09287060239438,-29.86319351331258,42.28326707476725,-72.14646058807983,10616.9820312,10893.079931650005,0.003933595181057962,1.0
2019-05-16,0.036674249460915874,1.427903266737077,-0.005868763534143323,0.007796702486393259,-0.1970026710164138,0.9174034148225378,30.904273204760322,28.843555501841266,21.46580518607314,7.377750315768125,-50.09815862940923,23.806981933931954,-73.90514056334118,10565.1701172,10866.947460950005,-0.00818623995692468,0.0
2019-05-17,0.007796702486393259,-0.1970026710164138,0.9174034148225378,0.007796702486393259,-0.1970026710164138,0.9174034148225378,27.62250792204149,22.05092055129874,24.175670337838582,-2.124749786539841,-72.60021781006071,4.525541985133419,-77.12575979519413,10499.394140800001,10838.052002000004,-0.008677480192670246,0.0
2019-05-20,0.02932256971960785,-1.6881335118404934,1.2987391394694923,0.007796702486393259,-0.1970026710164138,0.9174034148225378,28.92353068391631,14.742455123697427,21.878977058945903,-7.136521935248476,-88.26195824151,-14.031958060195265,-74.23000018131474,10467.4181642,10809.547509800004,0.0013761378222809915,1.0
2019-05-21,0.006577021465021221,-0.19906976333739076,0.8922464644698157,0.007796702486393259,-0.1970026710164138,0.9174034148225378,34.82992936939705,21.930128981675523,19.57450155222399,2.355627429451534,-94.25459400698855,-30.076485249553922,-64.17810875743463,10456.468164200001,10783.387011750005,0.0063356516017036004,1.0
2019-05-22,0.030730773030718573,-0.541429943346433,3.0499339098904676,0.007796702486393259,-0.1970026710164138,0.9174034148225378,34.485551223233266,36.33883603128752,24.337140045553582,12.001695985733939,-98.45631509952,-43.75245121954714,-54.70386387997286,10435.770117400001,10754.964013700004,-0.0006959536203379796,0.0
2019-05-23,0.007796702486393259,-0.1970026710164138,0.9174034148225378,0.007796702486393259,-0.1970026710164138,0.9174034148225378,28.254524781562672,33.8721666971203,30.71371057002787,3.1584561270924283,-112.50029549851752,-57.502020075341214,-54.9982754231763,10402.5220704,10719.000537150005,-0.014336424880717256,0.0
2019-05-24,0.014389453218150097,-1.8066953490310051,1.3034703501836313,0.007796702486393259,-0.1970026710164138,0.9174034148225378,30.09754613137754,24.368501905744036,31.526501544717377,-7.15799963897334,-120.63308484247864,-70.1282330287687,-50.504851813709934,10391.356054599999,10683.421533200006,0.001929592429139169,1.0
2019-05-27,0.021945396996466925,-0.45392087762546707,1.887105283664647,0.007796702486393259,-0.1970026710164138,0.9174034148225378,30.66837775140056,14.246694621105817,24.16245440799014,-9.915759786884323,-125.163556780426,-81.13529777910017,-44.028259001325836,10378.5,10652.504541000006,0.0005662079217392288,0.0
2019-05-28,0.007027032237753933,0.1226975960852276,1.825663073340284,0.007117032237753933,-0.4773024039147724,1.825663073340284,29.68202611820437,15.249726352130972,17.954974292993697,-2.7052479408627246,-129.02735826137723,-90.71370987555558,-38.31364838582165,10348.061914,10621.167041000004,-0.0021137127468107975,0.0
2019-05-29,0.02448953174212351,-0.4069185957149297,2.588357491437531,0.007796702486393259,-0.1970026710164138,0.9174034148225378,29.187863117130952,23.714404477207434,17.73694181681483,5.977462660392604,-131.42409982894242,-98.85578786623294,-32.56831196270947,10316.974023199999,10587.869531200005,-0.001021563211946993,1.0
2019-05-30,0.007796702486393259,-0.1970026710164138,0.9174034148225378,0.007796702486393259,-0.1970026710164138,0.9174034148225378,37.888432230855614,50.34212184005823,29.76875088979897,20.573370950259264,-125.32589077983903,-104.14980844895416,-21.176082330884867,10331.898046599998,10556.794531200005,0.0078521904059724,1.0
2019-05-31,0.007796702486393259,-0.1970026710164138,0.9174034148225378,0.007796702486393259,-0.1970026710164138,0.9174034148225378,47.833214529871235,78.48585718882765,50.84746116869786,27.63839602012979,-109.90620117407525,-105.30108699397837,-4.6051141800968765,10365.940038799998,10526.904052650007,0.011062546842073443,1.0
